tag,time,t_end_ps,mz_final,switched,Tmax_K,Hx,Isign,t_cross_ps,recov_50ps,Jp,J_ref,dT_ref,Pol,EpsilonPrime,KuExp,echo,ted,Heating,RunDynamics
q1_Hxp_Ip,2026-09-15T18:55:22,421.9,-0.9559,1,680,0.160,1,50.0,0.88,,,,,,,,,,
q2_Hxm_Ip,2026-09-15T18:55:48,421.9,0.9870,0,680,-0.160,1,,,,,,,,,,,,
q3_Hxp_Im,2026-09-15T18:56:16,421.9,0.9870,0,680,0.160,-1,,,,,,,,,,,,
q4_Hxm_Im,2026-09-15T18:56:42,421.9,-0.9559,1,680,-0.160,-1,50.0,0.88,,,,,,,,,,
f4_Hx0_Ip,2026-09-15T18:57:59,421.9,1.0000,0,320,0.0,1,,,,,,,,,,,,
f4_Hxp160_Ip,2026-09-15T18:58:24,421.9,0.9871,0,320,0.160,1,,,,,,,,,,,,
f4_Hxm160_Ip,2026-09-15T18:58:49,421.9,0.9871,0,320,-0.160,1,,,,,,,,,,,,
b0c_ref_6e12,2026-09-15T19:20:39,461.7,0.9876,0,583,,,,,,,,,,,,,,
b1_Jp8_dT300,2026-09-15T19:21:24,461.7,0.9877,0,583,,,,,8e12,8e12,300,,,,,,,
b1_Jp10_dT300,2026-09-15T19:21:53,461.7,-0.1082,1,583,,,88.8,2.94,1.0e13,1.0e13,300,,,,,,,
b1_Jp12_dT300,2026-09-15T19:22:20,461.7,-0.9876,1,583,,,65.5,0.77,1.2e13,1.2e13,300,,,,,,,
b1_Jp8_dT450,2026-09-15T19:22:46,461.7,-0.9875,1,725,,,58.6,0.92,8e12,8e12,450,,,,,,,
b1_Jp8_dT150,2026-09-15T19:23:12,461.7,0.9878,0,442,,,,,8e12,8e12,150,,,,,,,
b1_Jp14_dT300,2026-09-15T19:23:47,461.7,-0.9877,1,583,,,57.1,0.90,1.4e13,1.4e13,300,,,,,,,
b1_Jp16_dT300,2026-09-15T19:24:14,461.7,-0.9877,1,583,,,51.7,0.89,1.6e13,1.6e13,300,,,,,,,
b1_Jp10_dT450,2026-09-15T19:24:41,461.7,-0.9875,1,725,,,54.1,0.92,1.0e13,1.0e13,450,,,,,,,
b1_Jp12_dT450,2026-09-15T19:25:09,461.7,-0.9875,1,725,,,50.1,0.93,1.2e13,1.2e13,450,,,,,,,
b2_theta0_dT300,2026-09-15T19:29:06,461.7,0.9877,0,583,,,,,8e12,8e12,300,0.0001,0,,,,,
b2_theta0_dT450,2026-09-15T19:29:31,461.7,-0.9876,1,725,,,85.9,0.90,8e12,8e12,450,0.0001,0,,,,,
b2_theta0_dT600,2026-09-15T19:30:00,461.7,-0.9873,1,867,,,92.3,0.89,8e12,8e12,600,0.0001,0,,,,,
b2_theta0_dT800,2026-09-15T19:30:29,461.7,-0.9871,1,1056,,,122.4,0.90,8e12,8e12,800,0.0001,0,,,,,
b3_noKuT_Jp8,2026-09-15T19:30:58,461.7,0.9882,0,583,,,,,8e12,8e12,300,,,0,,,,
b3_noKuT_Jp10,2026-09-15T19:31:26,461.7,0.9882,0,583,,,,,1.0e13,1.0e13,300,,,0,,,,
b3_noKuT_Jp12,2026-09-15T19:31:55,461.7,0.9882,0,583,,,,,1.2e13,1.2e13,300,,,0,,,,
b3_noKuT_Jp14,2026-09-15T19:32:23,461.7,0.9882,0,583,,,,,1.4e13,1.4e13,300,,,0,,,,
a_f4_Hx0_Ip,2026-09-15T19:33:00,421.9,1.0000,0,320,0.0,1,,,,,,,,,0.3,24e-12,,
a_f4_Hx0_Im,2026-09-15T19:33:24,421.9,1.0000,0,320,0.0,-1,,,,,,,,,0.3,24e-12,,
a_f4_Hxp160_Ip,2026-09-15T19:33:48,421.9,0.9871,0,320,0.160,1,,,,,,,,,0.3,24e-12,,
a_f4_Hxp160_Im,2026-09-15T19:34:12,421.9,0.9871,0,320,0.160,-1,,,,,,,,,0.3,24e-12,,
a_f4_Hxm160_Ip,2026-09-15T19:34:36,421.9,0.9871,0,320,-0.160,1,,,,,,,,,0.3,24e-12,,
a_f4_Hxm160_Im,2026-09-15T19:35:00,421.9,0.9871,0,320,-0.160,-1,,,,,,,,,0.3,24e-12,,
b1_Jp16_dT450,2026-09-15T19:36:28,461.7,-0.9875,1,725,,,43.7,0.95,1.6e13,1.6e13,450,,,,,,,
b1_Jp20_dT450,2026-09-15T19:36:56,461.7,-0.9875,1,725,,,39.0,0.97,2.0e13,2.0e13,450,,,,,,,
b0_6e12,2026-09-15T19:56:23,461.7,0.9876,0,583,,,,,6e12,6e12,300,,,,,,,
b0_8e12,2026-09-15T19:56:52,461.7,-0.9875,1,804,,,54.5,0.95,8e12,6e12,300,,,,,,,
c0_noh_6e12,2026-09-15T19:58:36,461.7,0.9879,0,300,,,,,6e12,6e12,300,,,,,,0,
c0_noh_8e12,2026-09-15T19:59:03,461.7,0.9879,0,300,,,,,8e12,6e12,300,,,,,,0,
c0_noh_10e12,2026-09-15T19:59:28,461.7,0.9879,0,300,,,,,1e13,1e13,300,,,,,,0,
c1_Jp9_dT300,2026-09-15T20:01:44,461.7,0.9333,0,583,,,,,9e12,9e12,300,,,,,,,
c1_Jp8_dT375,2026-09-15T20:02:12,461.7,-0.9876,1,654,,,66.5,0.93,8e12,8e12,375,,,,,,,
c1_Jp7_dT450,2026-09-15T20:02:43,461.7,-0.9875,1,725,,,61.0,0.92,7e12,7e12,450,,,,,,,
c1_Jp6_dT600,2026-09-15T20:03:12,461.7,-0.9873,1,867,,,80.5,0.86,6e12,6e12,600,,,,,,,
dyn_Jp1e12_Ip,2026-09-15T20:21:43,445.3,0.9879,0,308,,,,,1e12,,,,,,,,,1
